"educ4","target"
"1",0.35140518736587095
"2",0.2963128848206037
"3",0.21661563680641624
"4",0.1356662910071091
