"race2_age2","target"
"11",0.2611555120625428
"12",0.3986168462569321
"21",0.17895148933304147
"22",0.16127615234748363
