"race2_age2","target"
"11",0.36691585990356224
"12",0.4723021717190595
"21",0.10286696819048331
"22",0.057915000186894924
