"gender","target"
"1",0.47858549966908304
"2",0.521414500330917
