"race4","target"
"1",0.9389796914736251
"2",0.011256403343219196
"3",0.01530335269213673
"4",0.034460552491018925
