"age6","target"
"1",0.10599763091695234
"2",0.14778934414907643
"3",0.153372315771703
"4",0.15820954246560434
"5",0.1791183048638754
"6",0.2555128618327885
