"gender","target"
"1",0.4987480044948835
"2",0.5012519955051165
