"gender_educ2","target"
"11",0.3156090841762603
"12",0.1629764154928227
"21",0.3275857131973421
"22",0.19382878713357488
