"race2","target"
"1",0.7061066272550923
"2",0.2938933727449076
