"gender_educ2","target"
"11",0.3907388377552573
"12",0.11863363489162197
"21",0.3373457513110177
"22",0.15328177604210302
