"raceeduc","target"
"11",0.3262598913187097
"12",0.24894726797215644
"13",0.14971088931160825
"14",0.08567156102993455
"20",0.18941039036759108
