"age6","target"
"1",0.1207210878736163
"2",0.16612060422923766
"3",0.14991115175463815
"4",0.1595153514271791
"5",0.17880836814879608
"6",0.22492343656653271
