"age5","target"
"1",0.2780889688995065
"2",0.1677869248353216
"3",0.15290112665025632
"4",0.16028488399705007
"5",0.24093809561786547
