"educ4","target"
"1",0.3017617116713176
"2",0.30391213283245627
"3",0.25215752412120845
"4",0.14216863137501765
