"age5","target"
"1",0.25378697506602876
"2",0.153372315771703
"3",0.15820954246560434
"4",0.1791183048638754
"5",0.2555128618327885
