"educ2","target"
"1",0.7617159397846545
"2",0.2382840602153456
