"race2_age2","target"
"11",0.2647306569965998
"12",0.3690405642735547
"21",0.19991166381944683
"22",0.16631711491039866
