"race4","target"
"1",0.92796550458818
"2",0.03841946722140602
"3",0.012058186242296643
"4",0.02155684194811736
