"gender_educ2","target"
"11",0.3826916622932579
"12",0.12494960256413144
"21",0.3541717814902325
"22",0.1381869536523782
