"race2_age2","target"
"11",0.2938265051493304
"12",0.43572854752399465
"21",0.1646114934050536
"22",0.10583345392162134
