"gender_educ2","target"
"11",0.37701610019793064
"12",0.11021785672829423
"21",0.38469983958672377
"22",0.12806620348705136
