"gender","target"
"1",0.4970606765911138
"2",0.5029393234088861
