"gender_educ2","target"
"11",0.3723273826833127
"12",0.1170844197130479
"21",0.3700324312069042
"22",0.1405557663967352
