"gender","target"
"1",0.4815077277331254
"2",0.5184922722668746
