"age5","target"
"1",0.24702239986009197
"2",0.1411331458176969
"3",0.1603759664220705
"4",0.19054910262108968
"5",0.26091938527905095
