"race4","target"
"1",0.931506554490315
"2",0.010915672079827823
"3",0.019393465075327725
"4",0.03818430835452945
