"age6","target"
"1",0.130930621749305
"2",0.19616108401636023
"3",0.18396353897824885
"4",0.16423398754232993
"5",0.15158100378915013
"6",0.17312976392460586
