"race2","target"
"1",0.9389796914736251
"2",0.06102030852637485
