"educ2","target"
"1",0.6431947973736024
"2",0.3568052026263976
