"educ2","target"
"1",0.7368634437834903
"2",0.2631365562165096
