"race2_age2","target"
"11",0.35064907857439537
"12",0.5883306128992298
"21",0.0375064671033935
"22",0.023513841422981352
