"age5","target"
"1",0.28107773633095323
"2",0.15728317088380553
"3",0.1588386693318154
"4",0.17959385132995775
"5",0.22320657212346806
