"race4","target"
"1",0.6866183797095
"2",0.07009291863358355
"3",0.08977555777954499
"4",0.15351314387737147
