"educ4","target"
"1",0.4425131435447709
"2",0.3192027962398835
"3",0.15700378732319367
"4",0.08128027289215192
