"gender","target"
"1",0.4933623250691284
"2",0.5066376749308716
