"age5","target"
"1",0.32709170576566526
"2",0.18396353897824885
"3",0.16423398754232993
"4",0.15158100378915013
"5",0.17312976392460586
