"race4","target"
"1",0.739671417371339
"2",0.0551172742715275
"3",0.13983195198894924
"4",0.06537935636818427
