"raceeduc","target"
"11",0.2342714485649452
"12",0.2144071540283257
"13",0.13361802987877533
"14",0.07747572584742866
"20",0.3402276416805251
