"age6","target"
"1",0.1278751711993739
"2",0.15051261983956174
"3",0.1382958325180982
"4",0.15267266679710428
"5",0.18581295245548815
"6",0.2448307571903737
