"PID","target"
1,0.31670116351506133
2,0.18086731105439785
3,0.5024315254305407
