"age5","target"
"1",0.29373152155714605
"2",0.1611841286375411
"3",0.16576258462193294
"4",0.16572438912836662
"5",0.21359737605501322
