"age6","target"
"1",0.11739236210877776
"2",0.17241588315607784
"3",0.15880073069397052
"4",0.15370307063444957
"5",0.17533215745574204
"6",0.22235579595098226
