"gender_educ2","target"
"11",0.354856731567175
"12",0.13132782504796683
"21",0.3658218182337193
"22",0.14799362515113887
