"educ2","target"
"1",0.6788864310914487
"2",0.32111356890855125
