"age6","target"
"1",0.10498018303474219
"2",0.17310878586476433
"3",0.1677869248353216
"4",0.15290112665025632
"5",0.16028488399705007
"6",0.24093809561786547
