"age5","target"
"1",0.36761531317898793
"2",0.19571589102982562
"3",0.14390216687474686
"4",0.13250593270150757
"5",0.16026069621493205
