"age5","target"
"1",0.30320667825621705
"2",0.1657475915230287
"3",0.14689190221215204
"4",0.16804366009870247
"5",0.21611016790989976
