"race2","target"
"1",0.8737322050624289
"2",0.1262677949375711
