"educ2","target"
"1",0.6583976937577569
"2",0.34160230624224314
