"race4","target"
"1",0.8149748907504564
"2",0.04462284085789137
"3",0.09224687726390664
"4",0.04815539112774562
