"gender_educ2","target"
"11",0.3449154354213048
"12",0.133807234055639
"21",0.35959666046915295
"22",0.16168067005390324
