"educ4","target"
"1",0.42518633527375904
"2",0.3380216027553766
"3",0.1559650304874221
"4",0.08082703148344221
