"educ2","target"
"1",0.6881611976844986
"2",0.31183880231550143
