"gender_educ2","target"
"11",0.370575854131095
"12",0.13104718541191443
"21",0.3524408333744135
"22",0.14593612708257708
