"race2","target"
"1",0.7940827617351516
"2",0.20591723826484845
