"gender","target"
"1",0.48601691835790645
"2",0.5139830816420936
