"PID","target"
1,0.3390904087656977
2,0.21051683594336318
3,0.4503927552909391
