"gender_educ2","target"
"11",0.20508349378186266
"12",0.2624816846490113
"21",0.24174014430853172
"22",0.29069467726059434
