"educ4","target"
"1",0.3782594352044679
"2",0.35046952629137706
"3",0.18646871940540227
"4",0.08480231909875274
