"age5","target"
"1",0.3098533929752755
"2",0.16717438150421288
"3",0.1493237065411565
"4",0.16406057455425696
"5",0.20958794442509818
