"race4","target"
"1",0.5231691954410156
"2",0.2954331461578616
"3",0.0904173554148493
"4",0.09098030298627353
