"gender_educ2","target"
"11",0.3572848667779262
"12",0.13424979688581395
"21",0.36283725634977765
"22",0.1456280799864822
