"race2_age2","target"
"11",0.3531290356596536
"12",0.4618458550908028
"21",0.11991977639278617
"22",0.06510533285675744
