"age5","target"
"1",0.2944177535637841
"2",0.1593222455036228
"3",0.1633993318421872
"4",0.16917727240592467
"5",0.2136833966844812
