"age5","target"
"1",0.30688759940808913
"2",0.1731720057061805
"3",0.17201162085321373
"4",0.16015381106391285
"5",0.1877749629686038
