"gender_educ2","target"
"11",0.2849133767114365
"12",0.19513416334161754
"21",0.2974174499492447
"22",0.22253500999770132
