"race2","target"
"1",0.8226275496433302
"2",0.17737245035666976
