"race2_age2","target"
"11",0.35474879112310154
"12",0.49263171417773216
"21",0.09380466461415278
"22",0.05881483008501351
