"gender_educ2","target"
"11",0.29970405103439685
"12",0.18311581436904392
"21",0.31259345084667134
"22",0.20458668374988795
