"gender","target"
"1",0.4796942185565066
"2",0.5203057814434934
