"age5","target"
"1",0.28684169210285393
"2",0.14991115175463815
"3",0.1595153514271791
"4",0.17880836814879608
"5",0.22492343656653271
