"gender_educ2","target"
"11",0.36633280595419404
"12",0.12494243131506391
"21",0.36239615554165094
"22",0.1463286071890911
