"raceeduc","target"
"11",0.23546582585683404
"12",0.2087163777041396
"13",0.0899304768979245
"14",0.050916584570050806
"20",0.4149707349710511
