"educ2","target"
"1",0.6122975018810681
"2",0.38770249811893187
