"race2","target"
"1",0.6337712212701545
"2",0.3662287787298455
