"educ2","target"
"1",0.7230166875055085
"2",0.27698331249449154
