"race2_age2","target"
"11",0.3675069811659502
"12",0.5062252238964786
"21",0.0861925951367454
"22",0.0400751998008257
