"educ2","target"
"1",0.5823308266606811
"2",0.41766917333931886
