"educ4","target"
"1",0.3347980938734823
"2",0.3932864951927927
"3",0.19629273096908442
"4",0.07562267996464056
