"race2_age2","target"
"11",0.37133956947638475
"12",0.48913555164639133
"21",0.08786835176171416
"22",0.0516565271155098
