"raceeduc","target"
"11",0.17743388527624182
"12",0.15110810541869418
"13",0.13419156231682308
"14",0.10697629732669875
"20",0.43029014966154217
