"gender","target"
"1",0.5093724726468792
"2",0.4906275273531207
