"race4","target"
"1",0.8105896096324089
"2",0.11058394696386588
"3",0.03582015364707313
"4",0.043006289756652064
