"race2_age2","target"
"11",0.33650360610762275
"12",0.5006613170734702
"21",0.10185730110713599
"22",0.06097777571177101
