"educ2","target"
"1",0.7975850142242649
"2",0.20241498577573516
