"raceeduc","target"
"11",0.3536829283270275
"12",0.2464842877519065
"13",0.13802067846103092
"14",0.07038282060128438
"20",0.19142928485875066
