"age6","target"
"1",0.11190495144476517
"2",0.16815374137224434
"3",0.14979199037642224
"4",0.15728328522527252
"5",0.17792061138023452
"6",0.23494542020106124
