"gender_educ2","target"
"11",0.3493585152240508
"12",0.14187317802371807
"21",0.35071283868819064
"22",0.15805546806404047
