"educ4","target"
"1",0.3645711093742609
"2",0.37229233440922943
"3",0.17357890492847505
"4",0.08955765128803458
