"educ4","target"
"1",0.44909508244864627
"2",0.30130082563907556
"3",0.16307073964638605
"4",0.08653335226589216
