"raceeduc","target"
"11",0.27617014914215227
"12",0.3292692408328038
"13",0.15565805704033192
"14",0.07812058460733376
"20",0.16078196837737824
