"age5","target"
"1",0.2861433745061781
"2",0.15469012882691394
"3",0.15890743897008663
"4",0.17610867261994853
"5",0.2241503850768728
