"race2","target"
"1",0.8392180316226218
"2",0.16078196837737824
