"race2","target"
"1",0.5697098503384579
"2",0.43029014966154217
