"educ2","target"
"1",0.7201221231277039
"2",0.27987787687229615
