"educ2","target"
"1",0.6987327298487168
"2",0.3012672701512832
