"race2_age2","target"
"11",0.3088117528438575
"12",0.4593902859251738
"21",0.1279410910136346
"22",0.10385687021733413
