"gender","target"
"1",0.4840408019255018
"2",0.5159591980744982
