"raceeduc","target"
"11",0.33801326217472466
"12",0.23697428945584723
"13",0.14679544970968428
"14",0.08286073400411947
"20",0.19535626465562436
