"gender","target"
"1",0.48410030643827473
"2",0.5158996935617253
