"race4","target"
"1",0.5454237622715596
"2",0.3110304579768049
"3",0.08264202515436371
"4",0.060903754597271785
