"gender","target"
"1",0.4912752372692579
"2",0.5087247627307421
