"race2","target"
"1",0.739671417371339
"2",0.26032858262866104
