"raceeduc","target"
"11",0.3110917909901512
"12",0.2853352812795497
"13",0.17909752129819262
"14",0.07185591173294016
"20",0.1526194946991663
