"age5","target"
"1",0.2925523881773849
"2",0.1667531534758917
"3",0.15870241688924946
"4",0.16787001866710216
"5",0.2141220227903718
