"gender_educ2","target"
"11",0.30331738173805717
"12",0.17414276172236504
"21",0.3157204700166784
"22",0.20681938652289938
