"age6","target"
"1",0.12318668465230505
"2",0.16686609214203874
"3",0.15850067894291053
"4",0.14613629946984194
"5",0.17433670489361733
"6",0.2309735398992864
