"gender_educ2","target"
"11",0.31130764607015415
"12",0.19081880260074882
"21",0.2943661984336197
"22",0.20350735289547728
