"gender","target"
"1",0.4787226694769438
"2",0.5212773305230561
