"age6","target"
"1",0.117208143317474
"2",0.16893523118870413
"3",0.15469012882691394
"4",0.15890743897008663
"5",0.17610867261994853
"6",0.2241503850768728
