"race2_age2","target"
"11",0.19197492372913275
"12",0.3255746994153613
"21",0.27393900841595137
"22",0.20851136843955456
