"race4","target"
"1",0.5697098503384579
"2",0.14065273567533754
"3",0.1778111876369211
"4",0.11182622634928352
