"age6","target"
"1",0.1281480232381397
"2",0.18170536973713575
"3",0.16717438150421288
"4",0.1493237065411565
"5",0.16406057455425696
"6",0.20958794442509818
