"race4","target"
"1",0.8226275496433302
"2",0.05516858593040268
"3",0.04465835044668501
"4",0.07754551397958209
