"educ4","target"
"1",0.33986981809317607
"2",0.3482913795913225
"3",0.21089167621872643
"4",0.10094712609677503
