"gender_educ2","target"
"11",0.330187974837132
"12",0.15260705418976686
"21",0.3486984562543167
"22",0.16850651471878442
