"age6","target"
"1",0.12026824003727404
"2",0.15755298715376495
"3",0.1579785008605361
"4",0.13774163948767199
"5",0.17825815132123193
"6",0.24820048113952095
