"raceeduc","target"
"11",0.2830168472189101
"12",0.22157686616384106
"13",0.12046661205364582
"14",0.06155805427310302
"20",0.31338162029050004
