"educ4","target"
"1",0.42696492301752864
"2",0.3014039786524174
"3",0.17232052960957087
"4",0.0993105687204831
