"age6","target"
"1",0.15867439594511604
"2",0.20894091723387187
"3",0.19571589102982562
"4",0.14390216687474686
"5",0.13250593270150757
"6",0.16026069621493205
