"race4","target"
"1",0.7785974197225146
"2",0.01712435335089127
"3",0.11176463224309595
"4",0.09251359468349812
