"age6","target"
"1",0.10886745347524343
"2",0.17778752114761662
"3",0.1717404056288726
"4",0.15302796910152883
"5",0.1597811974290221
"6",0.22879545321771644
