"age6","target"
"1",0.11227355027295007
"2",0.15368888316685542
"3",0.14605661730506125
"4",0.16536576033887332
"5",0.1943507814051239
"6",0.22826440751113605
