"race2","target"
"1",0.8085707151412493
"2",0.19142928485875066
