"race2_age2","target"
"11",0.4244392158378749
"12",0.3696435458972766
"21",0.13889198837093858
"22",0.06702524989390986
