"PID","target"
1,0.38737828127658297
2,0.1889354803198463
3,0.4236862384035707
