"race4","target"
"1",0.5674527509785223
"2",0.1271204915340062
"3",0.18972146089745334
"4",0.11570529659001809
