"gender_educ2","target"
"11",0.3581400100182533
"12",0.13730293925515452
"21",0.3376267851174277
"22",0.16693026560916446
