"race2","target"
"1",0.7682020387690313
"2",0.23179796123096874
