"educ2","target"
"1",0.7694522182820643
"2",0.23054778171793563
