"educ4","target"
"1",0.3642218156122341
"2",0.29979064714735815
"3",0.2108443458750589
"4",0.12514319136534888
