"age5","target"
"1",0.27838779103893563
"2",0.1382958325180982
"3",0.15267266679710428
"4",0.18581295245548815
"5",0.2448307571903737
