"race2","target"
"1",0.4057954763887999
"2",0.5942045236112001
