"educ2","target"
"1",0.7112473895955704
"2",0.2887526104044296
