"educ2","target"
"1",0.7357455238664823
"2",0.2642544761335177
