"educ4","target"
"1",0.38576322834661725
"2",0.33491532145427705
"3",0.172519920765512
"4",0.10680152943359371
