"age6","target"
"1",0.1127924053167581
"2",0.17709400755094443
"3",0.16940810949100102
"4",0.15355532476304679
"5",0.17475965564445323
"6",0.21239049723379644
