"raceeduc","target"
"11",0.32420451314881027
"12",0.2186225675490702
"13",0.13978291639904755
"14",0.07511360337418191
"20",0.24227639952889007
