"raceeduc","target"
"11",0.3174199351012604
"12",0.27227369533858775
"13",0.19847880545700664
"14",0.12250339770923224
"20",0.08932416639391305
