"race4","target"
"1",0.6549615580051653
"2",0.20802962017815452
"3",0.07824047882749353
"4",0.05876834298918665
