"educ4","target"
"1",0.436583256429232
"2",0.2601574838747087
"3",0.1872781451811841
"4",0.11598111451487517
