"PID","target"
1,0.47693862642476154
2,0.22354871959090952
3,0.29951265398432886
