"race2","target"
"1",0.8473805053008338
"2",0.1526194946991663
