"race4","target"
"1",0.6337712212701545
"2",0.18890602377890203
"3",0.08484720086599401
"4",0.09247555408494947
