"educ2","target"
"1",0.7290214171172519
"2",0.2709785828827481
