"race4","target"
"1",0.517549623144494
"2",0.09030596231026444
"3",0.2574540386941256
"4",0.13469037585111593
