"educ2","target"
"1",0.6517079594041001
"2",0.3482920405958999
