"educ2","target"
"1",0.682795884813895
"2",0.317204115186105
