"educ2","target"
"1",0.7000713539122415
"2",0.29992864608775854
