"race4","target"
"1",0.7577236004711099
"2",0.16176785802925034
"3",0.04446889576467367
"4",0.036039645734966076
