"PID","target"
1,0.34736250276098873
2,0.1928776530591755
3,0.45975984417983573
