"race2","target"
"1",0.8046437353443756
"2",0.19535626465562436
