"race4","target"
"1",0.910675833606087
"2",0.012307006035637186
"3",0.03370328093139393
"4",0.04331387942688193
