"age6","target"
"1",0.1087141552014682
"2",0.1652620350588797
"3",0.16474991254777854
"4",0.1726491756467975
"5",0.17605632282798683
"6",0.2125683987170892
