"educ4","target"
"1",0.35870818225993345
"2",0.3770373416065488
"3",0.17613127499719658
"4",0.08812320113632116
