"gender","target"
"1",0.4920102548000305
"2",0.5079897451999694
