"age5","target"
"1",0.3171254143023428
"2",0.18095767434881393
"3",0.15562985054484144
"4",0.15821688178277193
"5",0.18807017902122986
