"age6","target"
"1",0.12006548855148128
"2",0.1742082308359148
"3",0.17036860142865057
"4",0.16478844981980917
"5",0.16701242545699002
"6",0.2035568039071542
