"gender","target"
"1",0.47813043603090466
"2",0.5218695639690953
