"age5","target"
"1",0.28232872397641473
"2",0.15777827741916953
"3",0.15600705418808988
"4",0.17181682486259586
"5",0.23206911955373
