"age6","target"
"1",0.11716556427112285
"2",0.17889284958806642
"3",0.16627668969869322
"4",0.16237624365080533
"5",0.1678172872598111
"6",0.20747136553150108
