"raceeduc","target"
"11",0.28289627948609725
"12",0.2597028349879599
"13",0.14373331865272826
"14",0.0818696056422459
"20",0.23179796123096874
