"race2","target"
"1",0.910675833606087
"2",0.08932416639391305
