"educ2","target"
"1",0.6957667951356811
"2",0.304233204864319
