"educ2","target"
"1",0.6439816082958325
"2",0.3560183917041675
