"race2_age2","target"
"11",0.2578943543184389
"12",0.3475311841342062
"21",0.2118812175695808
"22",0.18269324397777412
