"gender","target"
"1",0.48483188615912337
"2",0.5151681138408766
