"gender_educ2","target"
"11",0.3497717776691331
"12",0.14428266427830935
"21",0.3383894200153655
"22",0.1675561380371921
