"race2","target"
"1",0.6343641014897178
"2",0.3656358985102822
