"educ2","target"
"1",0.7196737883462282
"2",0.28032621165377186
