"age6","target"
"1",0.11907275725348271
"2",0.16639088245881445
"3",0.1603054655050545
"4",0.15959836457694196
"5",0.17085172258588827
"6",0.2237808076198181
