"educ4","target"
"1",0.4627933978490406
"2",0.30276835369588717
"3",0.1442363263653447
"4",0.09020192208972751
