"raceeduc","target"
"11",0.19755832808057458
"12",0.18071037261398737
"13",0.14766440635840833
"14",0.10783811421718423
"20",0.3662287787298455
