"educ2","target"
"1",0.7043050561456469
"2",0.29569494385435313
