"educ2","target"
"1",0.728084589066275
"2",0.271915410933725
