"race2_age2","target"
"11",0.40214516175914894
"12",0.45724979524699455
"21",0.10246541426790755
"22",0.038139628725949004
