"raceeduc","target"
"11",0.3121772989626023
"12",0.2932930481995303
"13",0.19448591288141717
"14",0.08024380271377904
"20",0.11979993724267118
