"race2_age2","target"
"11",0.1872833159345683
"12",0.25793399888431867
"21",0.3237719288093458
"22",0.23101075637176724
