"raceeduc","target"
"11",0.20086795357622675
"12",0.1602689007371284
"13",0.11775842283280538
"14",0.06652848512539906
"20",0.45457623772844036
