"race4","target"
"1",0.8085707151412493
"2",0.0891713835019022
"3",0.05911336347432859
"4",0.04314453788251986
