"educ4","target"
"1",0.41170096076609614
"2",0.307972827580132
"3",0.17578076664142933
"4",0.10454544501234252
