"age6","target"
"1",0.12851986149222527
"2",0.17081769987493234
"3",0.14619266954135632
"4",0.15808343133411734
"5",0.177718588415374
"6",0.21866774934199473
