"age6","target"
"1",0.13666728790751834
"2",0.20473590709428555
"3",0.1632073810252526
"4",0.12966037503569286
"5",0.16019122819316373
"6",0.20553782074408697
