"gender","target"
"1",0.47752370387017073
"2",0.5224762961298293
