"gender_educ2","target"
"11",0.3307611035022501
"12",0.15903932694189005
"21",0.3132205047935825
"22",0.19697906476227744
