"age5","target"
"1",0.29336767789212015
"2",0.172546254252964
"3",0.16544019485166414
"4",0.16046511627906976
"5",0.20818075672418196
