"race2_age2","target"
"11",0.365065800108399
"12",0.5151342626489298
"21",0.0707339279431761
"22",0.04906600929949509
