"educ4","target"
"1",0.3313437769406565
"2",0.25098704972002467
"3",0.23745541992330224
"4",0.18021375341601661
