"educ4","target"
"1",0.3170474343756672
"2",0.3752340353001231
"3",0.2120120402430892
"4",0.09570649008112052
