"race4","target"
"1",0.40188594055706345
"2",0.42533996924231965
"3",0.10009912345800746
"4",0.07267496674260943
