"age5","target"
"1",0.2993375613671576
"2",0.14619266954135632
"3",0.15808343133411734
"4",0.177718588415374
"5",0.21866774934199473
