"gender_educ2","target"
"11",0.3152617969974682
"12",0.17066325499361434
"21",0.31957484844356143
"22",0.19450009956535605
