"educ2","target"
"1",0.7283689016699461
"2",0.271631098330054
