"educ2","target"
"1",0.7503959080877218
"2",0.2496040919122782
