"raceeduc","target"
"11",0.31745334625556015
"12",0.3091466112637831
"13",0.17222660677743135
"14",0.07490564076565427
"20",0.1262677949375711
