"race4","target"
"1",0.8593175554783941
"2",0.07971388987263359
"3",0.030181030813190922
"4",0.030787523835781417
