"educ2","target"
"1",0.6190378517547356
"2",0.3809621482452644
