"race4","target"
"1",0.8802000627573289
"2",0.0047733604647845805
"3",0.03303674156341818
"4",0.08198983521446841
