"gender_educ2","target"
"11",0.34012789315490843
"12",0.15074360921708216
"21",0.34266799165898654
"22",0.16646050596902284
