"race4","target"
"1",0.7295550526733251
"2",0.06769459611704509
"3",0.1073169605111548
"4",0.09543339069847503
