"gender_educ2","target"
"11",0.3597597770116011
"12",0.1322504777884294
"21",0.35148761258396927
"22",0.15650213261600018
