"race2_age2","target"
"11",0.36735855611503865
"12",0.5606069484731413
"21",0.03980073472269311
"22",0.032233760689126915
