"educ4","target"
"1",0.4494903863545766
"2",0.35048274566204995
"3",0.12571450396961284
"4",0.07431236401376062
