"gender_educ2","target"
"11",0.3552311522272114
"12",0.1285740351966309
"21",0.3644426361190167
"22",0.15175217645714095
