"gender","target"
"1",0.48592505199108255
"2",0.5140749480089175
