"PID","target"
1,0.35218398179430377
2,0.2389597890705671
3,0.4088562291351292
