"race2","target"
"1",0.5454237622715596
"2",0.45457623772844036
