"age5","target"
"1",0.2863347864556236
"2",0.1610583606058124
"3",0.16224106525899532
"4",0.17239196464517706
"5",0.21797382303439158
