"raceeduc","target"
"11",0.2876156325525766
"12",0.32937511684321724
"13",0.15862973032022362
"14",0.08485464140675855
"20",0.13952487887722395
