"age6","target"
"1",0.12083313626395684
"2",0.1655016501916668
"3",0.1610583606058124
"4",0.16224106525899532
"5",0.17239196464517706
"6",0.21797382303439158
