"raceeduc","target"
"11",0.21977968393483296
"12",0.30715139832522537
"13",0.18343183828962478
"14",0.08371984118546842
"20",0.20591723826484845
