"educ2","target"
"1",0.6348366454410296
"2",0.36516335455897037
