"race2","target"
"1",0.92796550458818
"2",0.07203449541182003
