"race2_age2","target"
"11",0.2268922670706388
"12",0.31853149520092083
"21",0.25316733804363084
"22",0.20140889968480954
