"gender","target"
"1",0.5016230395430095
"2",0.4983769604569906
