"gender","target"
"1",0.48281986540344074
"2",0.5171801345965593
