"gender_educ2","target"
"11",0.3467396690300438
"12",0.13476805870308162
"21",0.3443559493707782
"22",0.17413632289609643
