"age5","target"
"1",0.3073414597738456
"2",0.1657073522785942
"3",0.14586440320510977
"4",0.16614010509319935
"5",0.2149466796492511
