"race2","target"
"1",0.6879387764666581
"2",0.3120612235333418
