"race2_age2","target"
"11",0.34094456473645285
"12",0.4816829849068774
"21",0.1183499576222507
"22",0.059022492734419084
