"race2","target"
"1",0.5850292650289489
"2",0.4149707349710511
