"educ2","target"
"1",0.728728961495845
"2",0.271271038504155
