"age6","target"
"1",0.11716568625800183
"2",0.1651630377184129
"3",0.15777827741916953
"4",0.15600705418808988
"5",0.17181682486259586
"6",0.23206911955373
