"age5","target"
"1",0.277821227191039
"2",0.1579785008605361
"3",0.13774163948767199
"4",0.17825815132123193
"5",0.24820048113952095
