"age5","target"
"1",0.2776832426371534
"2",0.15184559649285395
"3",0.16698233847088462
"4",0.18137380134277095
"5",0.2221150210563371
