"age5","target"
"1",0.26596243343980547
"2",0.14605661730506125
"3",0.16536576033887332
"4",0.1943507814051239
"5",0.22826440751113605
