"race2","target"
"1",0.40188594055706345
"2",0.5981140594429365
