"race4","target"
"1",0.44521731481888693
"2",0.12013300217812478
"3",0.36418931399485677
"4",0.07046036900813152
