"race2","target"
"1",0.8105896096324089
"2",0.18941039036759108
