"gender","target"
"1",0.4838051874238424
"2",0.5161948125761576
