"race4","target"
"1",0.6597723583194749
"2",0.2577940755517213
"3",0.04803325630711966
"4",0.03440030982168415
