"race4","target"
"1",0.8046437353443756
"2",0.11834834815073166
"3",0.033294726936516604
"4",0.043713189568376096
