"raceeduc","target"
"11",0.21856962391716386
"12",0.21641713091072212
"13",0.14426987056486865
"14",0.07570493261241068
"20",0.3450384419948347
