"gender_educ2","target"
"11",0.3450462336411551
"12",0.13308420238974958
"21",0.35925882250449176
"22",0.16261074146460358
