"educ4","target"
"1",0.36755878107069856
"2",0.32820801406498246
"3",0.2044736250216181
"4",0.09975957984270088
