"raceeduc","target"
"11",0.20110870267684533
"12",0.19197631223453607
"13",0.15244215403642142
"14",0.08883693254191495
"20",0.3656358985102822
