"educ2","target"
"1",0.691095618400822
"2",0.30890438159917805
