"gender","target"
"1",0.4753666250476336
"2",0.5246333749523664
