"gender_educ2","target"
"11",0.38013060421355876
"12",0.09956361434294789
"21",0.38932161406850563
"22",0.13098416737498775
