"educ2","target"
"1",0.6477180721864746
"2",0.35228192781352535
