"gender","target"
"1",0.4827105963029013
"2",0.5172894036970986
