"age6","target"
"1",0.11796193064816723
"2",0.17645582291561687
"3",0.1593222455036228
"4",0.1633993318421872
"5",0.16917727240592467
"6",0.2136833966844812
