"age6","target"
"1",0.12126810696873119
"2",0.21820377423979204
"3",0.17210410524051334
"4",0.15048330443931443
"5",0.169508162936958
"6",0.168432546174691
