"gender","target"
"1",0.48004754005305406
"2",0.5199524599469459
