"age5","target"
"1",0.2920718513881838
"2",0.16224968086312355
"3",0.14535575752497645
"4",0.1672985741112223
"5",0.2330241361124939
