"raceeduc","target"
"11",0.24246578060183324
"12",0.2770909624432099
"13",0.20700042585370287
"14",0.09607038074458421
"20",0.17737245035666976
