"gender_educ2","target"
"11",0.327894454102418
"12",0.15693743205670535
"21",0.33611800865717417
"22",0.17905010518370243
