"raceeduc","target"
"11",0.32878129849503834
"12",0.20110614141902564
"13",0.15637075540957698
"14",0.09459509130703557
"20",0.21914671336932348
