"age6","target"
"1",0.12966767048886005
"2",0.17767378928498553
"3",0.1657073522785942
"4",0.14586440320510977
"5",0.16614010509319935
"6",0.2149466796492511
