"PID","target"
1,0.3403185331080473
2,0.18146189300246945
3,0.4782195738894832
