"race2","target"
"1",0.931506554490315
"2",0.06849344550968499
