"gender_educ2","target"
"11",0.3582755882540038
"12",0.12582471818427096
"21",0.37009331341594226
"22",0.145806380145783
