"gender_educ2","target"
"11",0.3902899459303786
"12",0.08507667911725504
"21",0.409683186086248
"22",0.11495018886611842
