"educ2","target"
"1",0.6640124627595922
"2",0.3359875372404078
