"PID","target"
1,0.49205552096097055
2,0.2128839161962919
3,0.29506056284273746
