"gender_educ2","target"
"11",0.352778242752421
"12",0.12322865295910414
"21",0.3762431743648309
"22",0.147749929923644
