"educ4","target"
"1",0.5247051551972631
"2",0.2728798590270017
"3",0.12528514802583388
"4",0.07712983774990129
