"gender","target"
"1",0.5076412648573894
"2",0.4923587351426107
