"gender","target"
"1",0.4908715023719906
"2",0.5091284976280094
