"race2","target"
"1",0.860475121122776
"2",0.13952487887722395
