"raceeduc","target"
"11",0.36683596511043265
"12",0.2794899914743538
"13",0.1877737133196826
"14",0.1048800215691561
"20",0.06102030852637485
