"race4","target"
"1",0.7808532866306765
"2",0.10180471567104112
"3",0.06496003443731259
"4",0.05238196326096977
