"educ4","target"
"1",0.3227805248639432
"2",0.33561716889381366
"3",0.21468625353379756
"4",0.12691605270844555
