"race4","target"
"1",0.860475121122776
"2",0.009694326881710742
"3",0.08890896026992753
"4",0.04092159172558568
