"race2_age2","target"
"11",0.2639390365754189
"12",0.3910225214297464
"21",0.1909766136192683
"22",0.1540618283755664
