"age5","target"
"1",0.2800586928170095
"2",0.14979199037642224
"3",0.15728328522527252
"4",0.17792061138023452
"5",0.23494542020106124
