"race2_age2","target"
"11",0.3452229415346182
"12",0.46334777360663115
"21",0.1152646080156399
"22",0.07616467684311075
