"race4","target"
"1",0.23506334887446986
"2",0.01839845944713221
"3",0.08462466945588698
"4",0.661913522222511
