"race2_age2","target"
"11",0.3420247605425256
"12",0.46856484908988333
"21",0.10658421541630052
"22",0.08282617495129056
