"race2_age2","target"
"11",0.23867417916554717
"12",0.34635508586340175
"21",0.2206313624877294
"22",0.19433937248332164
