"gender","target"
"1",0.4915346636637401
"2",0.5084653363362599
