"educ2","target"
"1",0.7206785498008943
"2",0.2793214501991057
