"gender_educ2","target"
"11",0.3595982290077635
"12",0.13376409606136488
"21",0.3636668588574788
"22",0.14297081607339276
