"race2","target"
"1",0.5231691954410156
"2",0.47683080455898447
