"raceeduc","target"
"11",0.17552845562479336
"12",0.19063741101732154
"13",0.09531326506271161
"14",0.056070491439667546
"20",0.48245037685550596
