"gender_educ2","target"
"11",0.3983931254735027
"12",0.09186056732423371
"21",0.3991918887507621
"22",0.11055441845150146
