"race2_age2","target"
"11",0.20825327372048874
"12",0.35919947725803364
"21",0.2304728290876377
"22",0.20207441993383993
