"educ4","target"
"1",0.37807709191897915
"2",0.34518799594626315
"3",0.17751285940922956
"4",0.09922205272552811
