"gender","target"
"1",0.48004288423962826
"2",0.5199571157603717
