"race2_age2","target"
"11",0.28670172942341354
"12",0.3999166502860864
"21",0.1903260450560748
"22",0.12305557523442523
