"race2_age2","target"
"11",0.13679943910769823
"12",0.26899603728110166
"21",0.31752209314360913
"22",0.27668243046759095
