"race2","target"
"1",0.6866183797095
"2",0.31338162029050004
