"race4","target"
"1",0.7061066272550923
"2",0.038226237284753495
"3",0.10639630165441606
"4",0.14927083380573808
