"educ2","target"
"1",0.7045120958904577
"2",0.29548790410954223
