"race2","target"
"1",0.8149748907504564
"2",0.18502510924954363
