"educ4","target"
"1",0.3469403491225522
"2",0.2878962963184774
"3",0.21122947493872613
"4",0.15393387962024427
