"race4","target"
"1",0.5590549651696987
"2",0.1433197108283405
"3",0.24976496178074173
"4",0.04786036222121916
