"raceeduc","target"
"11",0.49371802330854025
"12",0.24725943970767356
"13",0.11695987208625806
"14",0.07002816948570807
"20",0.07203449541182003
