"raceeduc","target"
"11",0.3042222990153041
"12",0.2773295420159997
"13",0.1733326082819
"14",0.0822804738678892
"20",0.162835076818907
