"raceeduc","target"
"11",0.2803038202313129
"12",0.21410277301981612
"13",0.11253777186969642
"14",0.06543919115408617
"20",0.32761644372508836
