"age5","target"
"1",0.27397619026034786
"2",0.16474991254777854
"3",0.1726491756467975
"4",0.17605632282798683
"5",0.2125683987170892
