"educ4","target"
"1",0.4110037707517633
"2",0.31801764636548857
"3",0.17123863302077133
"4",0.09973994986197682
