"gender","target"
"1",0.48723395692622484
"2",0.5127660430737752
