"race2","target"
"1",0.837164923181093
"2",0.162835076818907
