"race2_age2","target"
"11",0.30705356619283003
"12",0.4397376018875279
"21",0.14381663866879613
"22",0.10939219325084597
