"gender","target"
"1",0.4954429492734078
"2",0.5045570507265922
