"age5","target"
"1",0.29427371938739605
"2",0.17036860142865057
"3",0.16478844981980917
"4",0.16701242545699002
"5",0.2035568039071542
