"gender_educ2","target"
"11",0.36881857927159883
"12",0.11763472933834387
"21",0.38157732881612294
"22",0.13196936257393432
