"educ4","target"
"1",0.41596127983926784
"2",0.304160843288436
"3",0.1849970487682369
"4",0.09488082810405928
