"race2_age2","target"
"11",0.2576088119948481
"12",0.37675528949486964
"21",0.20472629156303437
"22",0.16090960694724785
