"race2","target"
"1",0.7295550526733251
"2",0.27044494732667496
