"race2_age2","target"
"11",0.23110657133217274
"12",0.33860327900628506
"21",0.22706210251740488
"22",0.20322804714413728
