"age5","target"
"1",0.2919817965866751
"2",0.1617177797160205
"3",0.14659729528863225
"4",0.1722360560531033
"5",0.22746707235556884
