"gender_educ2","target"
"11",0.3299790495837715
"12",0.1670816270073423
"21",0.32841864417398536
"22",0.1745206792349008
