"raceeduc","target"
"11",0.25338004702399053
"12",0.2689915961449908
"13",0.17076993085584477
"14",0.08927418294347766
"20",0.21758424303169624
