"age6","target"
"1",0.12165289874032818
"2",0.17769969723021717
"3",0.17043023212350017
"4",0.15077337121070533
"5",0.16380368556797367
"6",0.21564011512727543
