"educ4","target"
"1",0.3819195999821076
"2",0.3293277896134628
"3",0.19449300047625354
"4",0.09425960992817606
