"race2","target"
"1",0.6054255384526451
"2",0.3945744615473549
