"educ2","target"
"1",0.6967407403039407
"2",0.30325925969605927
