"race4","target"
"1",0.837164923181093
"2",0.057466173280860657
"3",0.057076092686131376
"4",0.04829281085191497
