"age5","target"
"1",0.3076209091637453
"2",0.1727430936103834
"3",0.15560634851528854
"4",0.16109178660708573
"5",0.20293786210349704
