"age5","target"
"1",0.2898082452648556
"2",0.15880073069397052
"3",0.15370307063444957
"4",0.17533215745574204
"5",0.22235579595098226
