"race4","target"
"1",0.6054255384526451
"2",0.3106417094442095
"3",0.04769570918772665
"4",0.036237042915418745
