"raceeduc","target"
"11",0.11278839376808238
"12",0.13414345633862518
"13",0.08732398184246713
"14",0.07153964443962521
"20",0.5942045236112001
