"race2","target"
"1",0.8593175554783941
"2",0.14068244452160591
