"race4","target"
"1",0.4057954763887999
"2",0.020397651941190097
"3",0.45920592830633195
"4",0.11460094336367803
