"age6","target"
"1",0.12825775451974483
"2",0.1712391831130357
"3",0.16099061191747754
"4",0.1594193774223037
"5",0.17028261105815118
"6",0.20981046196928702
