"age6","target"
"1",0.12227624412303426
"2",0.16629829632670237
"3",0.1622956644118895
"4",0.15662092148063317
"5",0.16731372217603818
"6",0.2251951514817025
