"educ2","target"
"1",0.7999731320166266
"2",0.20002686798337346
