"raceeduc","target"
"11",0.3288436705145764
"12",0.2687458423009196
"13",0.20409508902367443
"14",0.1298219526511446
"20",0.06849344550968499
