"raceeduc","target"
"11",0.3969143549948147
"12",0.2598878838671126
"13",0.12417706712317547
"14",0.07833824949329138
"20",0.14068244452160591
