"race2_age2","target"
"11",0.31615600928381365
"12",0.44156759118729627
"21",0.1375839897835933
"22",0.1046924097452968
