"raceeduc","target"
"11",0.21582188105459962
"12",0.1829545056776334
"13",0.19170939581839513
"14",0.13906927012269693
"20",0.27044494732667496
