"raceeduc","target"
"11",0.2723172226772289
"12",0.3364668949869283
"13",0.18204294769095034
"14",0.06856789165103591
"20",0.14060504299385657
