"age5","target"
"1",0.29949693763278057
"2",0.16099061191747754
"3",0.1594193774223037
"4",0.17028261105815118
"5",0.20981046196928702
