"gender","target"
"1",0.48645330860994274
"2",0.5135466913900573
