"educ2","target"
"1",0.7632079380291357
"2",0.23679206197086433
