"educ2","target"
"1",0.7423598138902169
"2",0.25764018610978306
