"race4","target"
"1",0.8593949570061434
"2",0.0259843960256544
"3",0.03546544333514006
"4",0.0791552036330621
