"race2","target"
"1",0.636486728335361
"2",0.363513271664639
