"educ4","target"
"1",0.36774267074119915
"2",0.244554831139869
"3",0.24210789568011207
"4",0.14559460243881978
