"race2","target"
"1",0.7824157569683038
"2",0.21758424303169624
