"race2","target"
"1",0.7785974197225146
"2",0.22140258027748536
