"educ4","target"
"1",0.43781785253898464
"2",0.29519974037812136
"3",0.17074688671852084
"4",0.09623552036437313
