"gender_educ2","target"
"11",0.38402643219739613
"12",0.11456491079761122
"21",0.37918150583173954
"22",0.1222271511732531
