"gender","target"
"1",0.49859134299500735
"2",0.5014086570049927
