"PID","target"
1,0.2712999832030748
2,0.18530960685314546
3,0.5433904099437797
