"gender_educ2","target"
"11",0.3392165407495983
"12",0.15953146374528523
"21",0.353064928926192
"22",0.14818706657892447
