"race2_age2","target"
"11",0.20670314866715694
"12",0.3164660467738586
"21",0.24724173719596537
"22",0.2295890673630191
