"age5","target"
"1",0.3170347409417603
"2",0.17374665790512575
"3",0.16226553103533423
"4",0.15645611883825206
"5",0.19049695127952765
