"age5","target"
"1",0.2898864128677025
"2",0.16940810949100102
"3",0.15355532476304679
"4",0.17475965564445323
"5",0.21239049723379644
