"race2_age2","target"
"11",0.2979151539216482
"12",0.4081914733334442
"21",0.18244884885248056
"22",0.1114445238924271
