"educ4","target"
"1",0.35276513526119896
"2",0.2662727164935366
"3",0.21037100450930762
"4",0.1705911437359568
