"raceeduc","target"
"11",0.1590356585076035
"12",0.1344653514678529
"13",0.1256520614932195
"14",0.10401612397233963
"20",0.47683080455898447
