"raceeduc","target"
"11",0.2614135913087305
"12",0.21196986242556606
"13",0.16225196468238412
"14",0.1040359989546583
"20",0.26032858262866104
