"age6","target"
"1",0.1245149554136082
"2",0.17949708007940424
"3",0.15442596306137155
"4",0.16034952440099498
"5",0.16983768756290288
"6",0.21137478948171814
