"age6","target"
"1",0.1222596123041436
"2",0.1698122390840402
"3",0.16224968086312355
"4",0.14535575752497645
"5",0.1672985741112223
"6",0.2330241361124939
