"gender","target"
"1",0.4861845566151418
"2",0.5138154433848582
