"age5","target"
"1",0.29935259597054537
"2",0.17043023212350017
"3",0.15077337121070533
"4",0.16380368556797367
"5",0.21564011512727543
