"age5","target"
"1",0.29967917193639787
"2",0.17009639995162185
"3",0.15262806534195422
"4",0.16958483731718932
"5",0.20801152545283677
