"educ4","target"
"1",0.4838908281000822
"2",0.2855613901819822
"3",0.15107569864218426
"4",0.0794720830757514
