"educ4","target"
"1",0.39597384613316244
"2",0.327042841372346
"3",0.19880105702971065
"4",0.07818225546478086
