"race2","target"
"1",0.23506334887446986
"2",0.7649366511255301
