"race2_age2","target"
"11",0.33095256897054726
"12",0.47369116637382835
"21",0.10988093436254477
"22",0.08547533029307959
