"age5","target"
"1",0.3414031950018039
"2",0.1632073810252526
"3",0.12966037503569286
"4",0.16019122819316373
"5",0.20553782074408697
