"age6","target"
"1",0.11069136373554
"2",0.19692954542820532
"3",0.1727430936103834
"4",0.15560634851528854
"5",0.16109178660708573
"6",0.20293786210349704
