"race4","target"
"1",0.8473805053008338
"2",0.020574434998498706
"3",0.031565990412638946
"4",0.10047906928802865
