"age5","target"
"1",0.2960584138591893
"2",0.16627668969869322
"3",0.16237624365080533
"4",0.1678172872598111
"5",0.20747136553150108
