"age5","target"
"1",0.2860076984247013
"2",0.16793718743842098
"3",0.16849143838195207
"4",0.17361629756551689
"5",0.20394737818940875
