"educ4","target"
"1",0.3935350826696203
"2",0.29756053573120167
"3",0.1980099538740682
"4",0.11089442772510985
