"age6","target"
"1",0.1237748764931021
"2",0.16995664506404395
"3",0.1611841286375411
"4",0.16576258462193294
"5",0.16572438912836662
"6",0.21359737605501322
