"race4","target"
"1",0.8392180316226218
"2",0.005128396815310432
"3",0.11021642432624379
"4",0.04543714723582402
