"age5","target"
"1",0.28665497462286005
"2",0.1717404056288726
"3",0.15302796910152883
"4",0.1597811974290221
"5",0.22879545321771644
