"raceeduc","target"
"11",0.2058210008396627
"12",0.24843871276799628
"13",0.160138074882999
"14",0.09170883876443438
"20",0.2938933727449076
