"raceeduc","target"
"11",0.17981356668507084
"12",0.13926307599572862
"13",0.155906697868871
"14",0.09246941042885189
"20",0.4325472490214776
