"raceeduc","target"
"11",0.06074215722205844
"12",0.07348809951584416
"13",0.05829225520917808
"14",0.04254083692738917
"20",0.7649366511255301
