"gender","target"
"1",0.49405444194744247
"2",0.5059455580525576
