"gender","target"
"1",0.48980043044414007
"2",0.5101995695558599
