"race2","target"
"1",0.44521731481888693
"2",0.5547826851811131
