"race4","target"
"1",0.7940827617351516
"2",0.009837609593536365
"3",0.12946468186574567
"4",0.06661494680556641
