"raceeduc","target"
"11",0.2458748111841952
"12",0.29169662384331063
"13",0.18736690454376762
"14",0.09003655117918295
"20",0.18502510924954363
