"race2_age2","target"
"11",0.3733868127567991
"12",0.558119741733516
"21",0.043296810800234786
"22",0.025196634709450206
