"educ4","target"
"1",0.36258284442838534
"2",0.3361498854203315
"3",0.21293395266576018
"4",0.08833331748552302
