"race2","target"
"1",0.8802000627573289
"2",0.11979993724267118
