"gender","target"
"1",0.4912316932477689
"2",0.5087683067522311
