"educ2","target"
"1",0.733017592917106
"2",0.266982407082894
