"gender_educ2","target"
"11",0.35973912964999183
"12",0.12030375458963648
"21",0.3732784632671142
"22",0.1466786524932575
