"PID","target"
1,0.40137089107920143
2,0.1664682043328163
3,0.4321609045879822
