"raceeduc","target"
"11",0.0171087434501537
"12",0.04362643084625139
"13",0.1505119648760438
"14",0.1906388013846146
"20",0.5981140594429365
