"age6","target"
"1",0.13398267351676274
"2",0.1692240047394543
"3",0.1657475915230287
"4",0.14689190221215204
"5",0.16804366009870247
"6",0.21611016790989976
