"educ2","target"
"1",0.713418558785936
"2",0.2865814412140641
