"age6","target"
"1",0.1191708276725235
"2",0.16190690865842974
"3",0.15728317088380553
"4",0.1588386693318154
"5",0.17959385132995775
"6",0.22320657212346806
