"age5","target"
"1",0.3040120354930124
"2",0.15442596306137155
"3",0.16034952440099498
"4",0.16983768756290288
"5",0.21137478948171814
