"age6","target"
"1",0.12691002341101393
"2",0.1799775759970752
"3",0.1731720057061805
"4",0.17201162085321373
"5",0.16015381106391285
"6",0.1877749629686038
