"age5","target"
"1",0.2923772048174318
"2",0.1668307164206671
"3",0.14437429471744775
"4",0.1720923213453131
"5",0.22432546269914025
