"educ4","target"
"1",0.3215080111709316
"2",0.3301999482331685
"3",0.23481448603887312
"4",0.1134775545570268
