"age6","target"
"1",0.10549568740034568
"2",0.18787199049177447
"3",0.172546254252964
"4",0.16544019485166414
"5",0.16046511627906976
"6",0.20818075672418196
