"gender","target"
"1",0.4983145853737389
"2",0.501685414626261
