"gender","target"
"1",0.4760068957115251
"2",0.5239931042884749
