"gender_educ2","target"
"11",0.3809776909775295
"12",0.10503922738037696
"21",0.3845840605673983
"22",0.12939902107469525
