"race2","target"
"1",0.7808532866306765
"2",0.21914671336932348
