"gender","target"
"1",0.4934142624541446
"2",0.5065857375458555
