"educ4","target"
"1",0.35537663862257873
"2",0.2886049696732538
"3",0.21662297006456663
"4",0.13939542163960086
