"gender_educ2","target"
"11",0.3258972083024691
"12",0.16479003108937948
"21",0.3218208638840055
"22",0.1874918967241459
