"PID","target"
1,0.41210074264123714
2,0.1889776405856944
3,0.39892161677306853
