"gender_educ2","target"
"11",0.3412790749100001
"12",0.14276172701550172
"21",0.35546166539394064
"22",0.16049753268055755
