"race4","target"
"1",0.7682020387690313
"2",0.1301276346078953
"3",0.04400753502445748
"4",0.057662791598615946
