"age5","target"
"1",0.2885745404497366
"2",0.1622956644118895
"3",0.15662092148063317
"4",0.16731372217603818
"5",0.2251951514817025
