"age6","target"
"1",0.11873416449867563
"2",0.18094500743772224
"3",0.17009639995162185
"4",0.15262806534195422
"5",0.16958483731718932
"6",0.20801152545283677
