"educ4","target"
"1",0.38186730462553
"2",0.26132749274807243
"3",0.20747652096127106
"4",0.14932868166512653
