"race4","target"
"1",0.5850292650289489
"2",0.3662097353415834
"3",0.025735313486147184
"4",0.023025686143320498
