"age6","target"
"1",0.11410746742527936
"2",0.18620052894888642
"3",0.15786067747541185
"4",0.1598676228448287
"5",0.1684484658357377
"6",0.21351523746985598
