"educ2","target"
"1",0.6922814696757903
"2",0.3077185303242097
