"age6","target"
"1",0.09849853898114885
"2",0.14852386087894312
"3",0.1411331458176969
"4",0.1603759664220705
"5",0.19054910262108968
"6",0.26091938527905095
