"race2","target"
"1",0.6597723583194749
"2",0.3402276416805251
