"educ4","target"
"1",0.3319227967432372
"2",0.35087308807065776
"3",0.19633870523530933
"4",0.12086540995079566
