"gender","target"
"1",0.48279502902689886
"2",0.5172049709731011
