"race4","target"
"1",0.7824157569683038
"2",0.055680001879875075
"3",0.10142649078386724
"4",0.060477750367953914
