"race2_age2","target"
"11",0.3198220083052458
"12",0.45877541141726885
"21",0.13857337194648683
"22",0.08282920833099851
