"gender","target"
"1",0.4894118023963606
"2",0.5105881976036394
