"race2_age2","target"
"11",0.09876940364510294
"12",0.13629394522936691
"21",0.3471064900897252
"22",0.41783016103580495
