"educ2","target"
"1",0.7655617515449278
"2",0.23443824845507222
