"educ4","target"
"1",0.40684076259353963
"2",0.29746429355210724
"3",0.1854626956046958
"4",0.11023224824965736
