"gender_educ2","target"
"11",0.35287091007635474
"12",0.14544367529738417
"21",0.3458618197723621
"22",0.15582359485389904
