"gender","target"
"1",0.4902536927977364
"2",0.5097463072022637
