"race2","target"
"1",0.7577236004711099
"2",0.24227639952889007
