"race2_age2","target"
"11",0.36754111636244924
"12",0.4917764391159449
"21",0.07985203069898682
"22",0.060830413822619105
