"age5","target"
"1",0.3003079963741658
"2",0.15786067747541185
"3",0.1598676228448287
"4",0.1684484658357377
"5",0.21351523746985598
