"race2_age2","target"
"11",0.3536509847690147
"12",0.5570248488370723
"21",0.058368065975852014
"22",0.030956100418061034
