"educ4","target"
"1",0.37976168452621234
"2",0.32475041136424543
"3",0.19165583444096196
"4",0.10383206966858026
