"age6","target"
"1",0.12884374965335538
"2",0.16313804693331974
"3",0.1617177797160205
"4",0.14659729528863225
"5",0.1722360560531033
"6",0.22746707235556884
