"race2_age2","target"
"11",0.33395257743978185
"12",0.4484631795285219
"21",0.13500169233946385
"22",0.08258255069223236
