"gender","target"
"1",0.4906872393918486
"2",0.5093127606081514
