"gender_educ2","target"
"11",0.37191492542892385
"12",0.12811946323776774
"21",0.3638305984375584
"22",0.13613501289575
