"educ4","target"
"1",0.36445761762889006
"2",0.3356137362833514
"3",0.1954640783437939
"4",0.10446456774396463
