"raceeduc","target"
"11",0.19707071207810894
"12",0.1780859438302866
"13",0.11533417462955571
"14",0.06856413463174736
"20",0.4409450348303014
