"race4","target"
"1",0.8737322050624289
"2",0.03580577054940143
"3",0.050604157927798495
"4",0.03985786646037118
