"gender","target"
"1",0.4931737056228676
"2",0.5068262943771323
