"raceeduc","target"
"11",0.13375686016716704
"12",0.14647775697127235
"13",0.1100038655349368
"14",0.05497883214551077
"20",0.5547826851811131
