"gender","target"
"1",0.4774601434604222
"2",0.5225398565395778
