"age5","target"
"1",0.29005277679434377
"2",0.15850067894291053
"3",0.14613629946984194
"4",0.17433670489361733
"5",0.2309735398992864
