"raceeduc","target"
"11",0.23551440422439662
"12",0.28152172228335837
"13",0.1609615295196287
"14",0.10059976369513095
"20",0.22140258027748536
