"age6","target"
"1",0.11137622863731689
"2",0.17463146978738442
"3",0.16793718743842098
"4",0.16849143838195207
"5",0.17361629756551689
"6",0.20394737818940875
