"race2","target"
"1",0.6549615580051653
"2",0.3450384419948347
