"race2","target"
"1",0.8593949570061434
"2",0.14060504299385657
