"gender_educ2","target"
"11",0.3287046157835316
"12",0.164709646670613
"21",0.3230033436205685
"22",0.18358239392528689
