"age6","target"
"1",0.13092873662527593
"2",0.16162365155210895
"3",0.1667531534758917
"4",0.15870241688924946
"5",0.16787001866710216
"6",0.2141220227903718
