"PID","target"
1,0.44446556865256454
2,0.19901338830074644
3,0.35652104304668897
