"race4","target"
"1",0.6343641014897178
"2",0.1365435118623983
"3",0.15410470077557445
"4",0.07498768587230947
