"educ4","target"
"1",0.41728132346925195
"2",0.3250784904209649
"3",0.15023522482515242
"4",0.10740496128463066
