"race2","target"
"1",0.5674527509785223
"2",0.4325472490214776
