"race2_age2","target"
"11",0.28772446846241434
"12",0.4519469489089246
"21",0.15780576244609956
"22",0.10252282018256147
