"raceeduc","target"
"11",0.2715165685399924
"12",0.17157300038079568
"13",0.10796048143572032
"14",0.05437548809613674
"20",0.3945744615473549
