"gender","target"
"1",0.5000343886666916
"2",0.4999656113333084
