"educ4","target"
"1",0.3914699650930541
"2",0.28741646599839465
"3",0.19641923802057082
"4",0.12469433088798043
