"race2","target"
"1",0.517549623144494
"2",0.48245037685550596
