"race2_age2","target"
"11",0.3035162619004797
"12",0.47733702473019685
"21",0.12633442129295205
"22",0.09281229207637143
