"age6","target"
"1",0.12559378878350164
"2",0.16678341603393015
"3",0.1668307164206671
"4",0.14437429471744775
"5",0.1720923213453131
"6",0.22432546269914025
