"PID","target"
1,0.29760324848965036
2,0.2460532831534119
3,0.4563434683569377
