"race2","target"
"1",0.5847120010042147
"2",0.4152879989957853
