"race2_age2","target"
"11",0.18529099949296102
"12",0.3737639656767376
"21",0.22912311248292838
"22",0.21182192234737302
