"PID","target"
1,0.2832754629629629
2,0.1859434865900383
3,0.5307810504469987
