"race2_age2","target"
"11",0.15407233246384974
"12",0.24079304502797189
"21",0.3367090663830363
"22",0.268425556125142
