"raceeduc","target"
"11",0.18586115324194508
"12",0.2296993154015666
"13",0.1340724658378693
"14",0.08685379385398005
"20",0.363513271664639
