"gender_educ2","target"
"11",0.3098623858868451
"12",0.1733843388493384
"21",0.3171766924618983
"22",0.1995765828019182
