"gender","target"
"1",0.4675651784308739
"2",0.532434821569126
