"race2_age2","target"
"11",0.2953625551592545
"12",0.3411241731761065
"21",0.21621343128978202
"22",0.14729984037485697
