"age5","target"
"1",0.27526886469536027
"2",0.14801944892967234
"3",0.15253094590750196
"4",0.17854512341340928
"5",0.24563561705405612
