"raceeduc","target"
"11",0.3392953850080889
"12",0.23392522671376287
"13",0.11546103351810778
"14",0.05810952284039834
"20",0.2532088319196421
