"race4","target"
"1",0.6723835562749116
"2",0.26116965339741166
"3",0.03422221779756531
"4",0.03222457253011139
