"educ4","target"
"1",0.3615266135116459
"2",0.2655124648370975
"3",0.2127252090745748
"4",0.16023571257668182
