"PID","target"
1,0.4503558252525049
2,0.21322299054492672
3,0.33642118420256845
