"age6","target"
"1",0.12188431929236894
"2",0.15579892334478443
"3",0.15184559649285395
"4",0.16698233847088462
"5",0.18137380134277095
"6",0.2221150210563371
