"age5","target"
"1",0.28546363971229716
"2",0.1603054655050545
"3",0.15959836457694196
"4",0.17085172258588827
"5",0.2237808076198181
