"PID","target"
1,0.252241060603049
2,0.183508576653217
3,0.564250362743734
