"PID","target"
1,0.45238504034823707
2,0.20439740236130607
3,0.3432175572904568
