"PID","target"
1,0.48992562000040096
2,0.19891136550452093
3,0.31116301449507805
