"race2_age2","target"
"11",0.27023684105821644
"12",0.131649099498847
"21",0.3298648772547127
"22",0.26824918218822386
