"age5","target"
"1",0.33947188120852323
"2",0.17210410524051334
"3",0.15048330443931443
"4",0.169508162936958
"5",0.168432546174691
