"PID","target"
1,0.34542430284872594
2,0.19981162135893146
3,0.4547640757923426
