"PID","target"
1,0.35130655323567883
2,0.1885191065312684
3,0.46017434023305276
