"gender_educ2","target"
"11",0.3322127119513751
"12",0.14531099191879565
"21",0.3538439954742138
"22",0.16863230065561546
