"PID","target"
1,0.3257971014492753
2,0.2465367316341829
3,0.4276661669165417
