"race2","target"
"1",0.7080860985304863
"2",0.2919139014695136
