"race4","target"
"1",0.6879387764666581
"2",0.09877397182316412
"3",0.14652786269104603
"4",0.06675938901913164
