"gender","target"
"1",0.4832467247361835
"2",0.5167532752638164
