"educ2","target"
"1",0.6056738445037739
"2",0.3943261554962261
