"PID","target"
1,0.27499547638673877
2,0.19208267154546732
3,0.5329218520677939
