"PID","target"
1,0.32830087012053966
2,0.19122694978845695
3,0.48047218009100345
