"PID","target"
1,0.40193448178480656
2,0.2501613749142696
3,0.3479041433009239
