"PID","target"
1,0.37061940908094754
2,0.17491482876098263
3,0.4544657621580699
