"PID","target"
1,0.32140817696384383
2,0.19887393930893532
3,0.4797178837272208
