"raceeduc","target"
"11",0.16450255750956014
"12",0.21754368986345446
"13",0.20931002733751758
"14",0.11672982381995417
"20",0.2919139014695136
