"race4","target"
"1",0.636486728335361
"2",0.03021488834374904
"3",0.06328422856585034
"4",0.2700141547550396
