"PID","target"
1,0.46388000884653274
2,0.1941813941331403
3,0.3419385970203269
