"gender","target"
"1",0.4833812106838242
"2",0.5166187893161758
