"educ4","target"
"1",0.37043970397448006
"2",0.3075979554823055
"3",0.2061006793502257
"4",0.11586166119298875
