"educ4","target"
"1",0.4728995560584057
"2",0.3122984239555989
"3",0.1410769291797601
"4",0.07372509080623518
