"age6","target"
"1",0.12507892683720054
"2",0.28524029221526226
"3",0.18978249926046634
"4",0.12735201974857585
"5",0.12084412360504924
"6",0.15170213833344579
