"PID","target"
1,0.21383378336638004
2,0.19899763857198371
3,0.5871685780616362
