"race2_age2","target"
"11",0.27110862631693944
"12",0.40127492995797215
"21",0.1746604789004122
"22",0.15295596482467616
