"educ2","target"
"1",0.7592372427098392
"2",0.24076275729016078
