"age6","target"
"1",0.10888256987754137
"2",0.16638629481781891
"3",0.14801944892967234
"4",0.15253094590750196
"5",0.17854512341340928
"6",0.24563561705405612
