"PID","target"
1,0.3287445652719624
2,0.21400528160175117
3,0.45725015312628653
