"PID","target"
1,0.3274398302030355
2,0.18566537183132434
3,0.4868947979656401
