"educ2","target"
"1",0.6270390783487434
"2",0.3729609216512566
