"race2","target"
"1",0.6723835562749116
"2",0.32761644372508836
