"age5","target"
"1",0.41031921905246277
"2",0.18978249926046634
"3",0.12735201974857585
"4",0.12084412360504924
"5",0.15170213833344579
