"PID","target"
1,0.4041564865924652
2,0.2100564051518716
3,0.3857871082556631
