"PID","target"
1,0.46989586683821166
2,0.19069636539080093
3,0.33940776777098747
