"educ4","target"
"1",0.24399593818709597
"2",0.2028276999032984
"3",0.2554548175211524
"4",0.2977215443884532
