"PID","target"
1,0.4094408366873764
2,0.21989139926328152
3,0.37066776404934204
