"race2","target"
"1",0.6503921092320063
"2",0.3496078907679937
