"educ4","target"
"1",0.4063039236235225
"2",0.3071146351624134
"3",0.18315969640280638
"4",0.10342174481125771
