"race2_age2","target"
"11",0.24933797015571224
"12",0.43860080631094595
"21",0.1801908689742951
"22",0.13187035455904672
