"PID","target"
1,0.28506969218864625
2,0.21498557919384176
3,0.499944728617512
