"race4","target"
"1",0.39486537749182166
"2",0.05696730702326908
"3",0.3574714242543318
"4",0.19069589123057745
