"gender_educ2","target"
"11",0.3382224006972496
"12",0.15495130492561804
"21",0.33981525875953594
"22",0.16701103561759642
