"PID","target"
1,0.24474181582963583
2,0.19934102141680393
3,0.5559171627535602
