"race4","target"
"1",0.5847120010042147
"2",0.043147369219825864
"3",0.28053706339530954
"4",0.09160356638064986
