"raceeduc","target"
"11",0.09419614075429189
"12",0.131919255712562
"13",0.1032332181795075
"14",0.06551676284546025
"20",0.6051346225081784
