"educ2","target"
"1",0.4468236380903944
"2",0.5531763619096056
