"educ2","target"
"1",0.7232650878652424
"2",0.27673491213475765
