"PID","target"
1,0.40488735009282956
2,0.18443474333885293
3,0.41067790656831754
