"age6","target"
"1",0.1204065935633622
"2",0.19662814737839812
"3",0.17374665790512575
"4",0.16226553103533423
"5",0.15645611883825206
"6",0.19049695127952765
