"race4","target"
"1",0.7080860985304863
"2",0.038389501469868796
"3",0.19127827533026545
"4",0.062246124669379406
