"educ2","target"
"1",0.6780376594567855
"2",0.32196234054321443
