"PID","target"
1,0.4059738494142109
2,0.19049142308768843
3,0.4035347274981007
