"raceeduc","target"
"11",0.21438244199949047
"12",0.18197354840596605
"13",0.16632198242127968
"14",0.125260803639922
"20",0.3120612235333418
