"PID","target"
1,0.3624413051531322
2,0.18460968552577567
3,0.4529490093210921
