"PID","target"
1,0.44563383676092544
2,0.21742448586118251
3,0.33694167737789205
