"race2_age2","target"
"11",0.21082835658416646
"12",0.3738836444200483
"21",0.24935889116539262
"22",0.16592910783039266
