"age6","target"
"1",0.12339589818000266
"2",0.17781018781510252
"3",0.1589811617544539
"4",0.15131622338671416
"5",0.1569615625467623
"6",0.2315349663169645
