"PID","target"
1,0.42883767535070144
2,0.22255511022044086
3,0.34860721442885767
