"race2_age2","target"
"11",0.3187029373403499
"12",0.3893831611901365
"21",0.1793801513108069
"22",0.11253375015870676
