"race2","target"
"1",0.39486537749182166
"2",0.6051346225081784
