"age5","target"
"1",0.3012060859951052
"2",0.1589811617544539
"3",0.15131622338671416
"4",0.1569615625467623
"5",0.2315349663169645
