"age5","target"
"1",0.26214535175140075
"2",0.15226876022448868
"3",0.1568994842349727
"4",0.1679313650712478
"5",0.2607550387178901
