"race2","target"
"1",0.746791168080358
"2",0.2532088319196421
