"age6","target"
"1",0.10210384935057555
"2",0.16004150240082518
"3",0.15226876022448868
"4",0.1568994842349727
"5",0.1679313650712478
"6",0.2607550387178901
