"PID","target"
1,0.4243883799736548
2,0.295618859918149
3,0.2799927601081962
