"race2_age2","target"
"11",0.23285455780704614
"12",0.41753755142496013
"21",0.1904337558179865
"22",0.1591741349500072
