"gender","target"
"1",0.5132969732686637
"2",0.48670302673133625
