"educ2","target"
"1",0.7225668012242146
"2",0.27743319877578543
