"PID","target"
1,0.4101156655844156
2,0.20199878246753245
3,0.3878855519480519
