"educ4","target"
"1",0.44277014844665724
"2",0.316467094263182
"3",0.15196958653851697
"4",0.08879317075164384
