"race4","target"
"1",0.746791168080358
"2",0.15021834889601005
"3",0.06280764600573295
"4",0.04018283701789909
