"raceeduc","target"
"11",0.16884530199842984
"12",0.21357948650302788
"13",0.12757427536617313
"14",0.07471293713658383
"20",0.4152879989957853
