"educ2","target"
"1",0.6860567074255889
"2",0.3139432925744111
