"educ4","target"
"1",0.36040211797075405
"2",0.3621646832534605
"3",0.17514294856382565
"4",0.10229025021195977
