"PID","target"
1,0.37378669982352
2,0.21020174875661798
3,0.41601155141986196
