"PID","target"
1,0.47866114686892497
2,0.1993472939896655
3,0.3219915591414096
