"age6","target"
"1",0.11694868377710556
"2",0.20017673052523727
"3",0.18095767434881393
"4",0.15562985054484144
"5",0.15821688178277193
"6",0.18807017902122986
