"gender_educ2","target"
"11",0.3469288194399147
"12",0.1364523912439095
"21",0.3664897393460212
"22",0.15012904997015455
