"gender","target"
"1",0.502126448670903
"2",0.497873551329097
