"race2","target"
"1",0.5590549651696987
"2",0.4409450348303014
