"gender","target"
"1",0.4743816731176418
"2",0.5256183268823582
