"educ4","target"
"1",0.39586210121705195
"2",0.2901946062085369
"3",0.18939843675915258
"4",0.12454485581525855
