"gender_educ2","target"
"11",0.38614165772689485
"12",0.09656893857600646
"21",0.3990563222871098
"22",0.11823308140998885
