"PID","target"
1,0.5147432944051602
2,0.18828749424090063
3,0.2969692113539392
