"raceeduc","target"
"11",0.2308735520796663
"12",0.19250179589535613
"13",0.14096317147975282
"14",0.08605358977723103
"20",0.3496078907679937
