"race4","target"
"1",0.6503921092320063
"2",0.21089332316633563
"3",0.07816983649233383
"4",0.060544731109324235
