"PID","target"
1,0.3753666569892581
2,0.17939913303767185
3,0.4452342099730701
