"PID","target"
1,0.3679109299666981
2,0.18428351309707242
3,0.4478055569362294
