"PID","target"
1,0.3638063264547127
2,0.23188959361524622
3,0.40430407993004114
