"PID","target"
1,0.2656387753466378
2,0.20357457722208863
3,0.5307866474312736
