"gender_educ2","target"
"11",0.3845664360568432
"12",0.12873053721182057
"21",0.33800036516737136
"22",0.14870266156396486
