"educ2","target"
"1",0.7851979800140046
"2",0.21480201998599532
