"PID","target"
1,0.28305693864439446
2,0.21912142627690331
3,0.49782163507870225
