"gender_educ2","target"
"11",0.3658213767168615
"12",0.1085602964007803
"21",0.39341586599297773
"22",0.13220246088938048
