"PID","target"
1,0.6748022774528284
2,0.19457453216999282
3,0.13062319037717884
