Race 5,target
Asian,0.05855938570650294
Black,0.12110985591753101
Hispanic,0.16397402453874227
Other,0.02858756828526559
White,0.6277691655519582
