"Race 5","target"
"Asian",0.0581103332289593
"Black",0.120481089586423
"Hispanic",0.161951850079462
"Other",0.0283355330658994
"White",0.631121194039256
